{
    "rmse": 0.805001843033845,
    "mae": 0.6598186702176809,
    "r2": 0.008382315182838274
}